"teamId","teamName","player","position","currentEvidenceRole","candidateRank","articleUse","domain","reputable","primaryPreferred","score","signals","providers","foundBy","publishedAt","sourceName","fetchStatus","pageArticleUse","title","url","snippet"
"bri","Brisbane Broncos","Reece Walsh","Fullback","backup_baseline","","no_candidate_found","","","","","","","","","","","","","",""
"bri","Brisbane Broncos","Grant Anderson","Winger","backup_baseline","","no_candidate_found","","","","","","","","","","","","","",""
"bri","Brisbane Broncos","Kotoni Staggs","Centre","backup_baseline","","no_candidate_found","","","","","","","","","","","","","",""
"bri","Brisbane Broncos","Gehamat Shibasaki","Centre","backup_baseline","","no_candidate_found","","","","","","","","","","","","","",""
"bri","Brisbane Broncos","Deine Mariner","Winger","backup_baseline","","no_candidate_found","","","","","","","","","","","","","",""
"bri","Brisbane Broncos","Ezra Mam","Five-Eighth","backup_baseline","","no_candidate_found","","","","","","","","","","","","","",""
"bri","Brisbane Broncos","Adam Reynolds","Halfback","backup_baseline","","no_candidate_found","","","","","","","","","","","","","",""
"bri","Brisbane Broncos","Corey Jensen","Prop","backup_baseline","","no_candidate_found","","","","","","","","","","","","","",""
"bri","Brisbane Broncos","Ben Hunt","Hooker","backup_baseline","","no_candidate_found","","","","","","","","","","","","","",""
"bri","Brisbane Broncos","Payne Haas","Prop","backup_baseline","","no_candidate_found","","","","","","","","","","","","","",""
"bri","Brisbane Broncos","Brendan Piakura","2nd Row","backup_baseline","","no_candidate_found","","","","","","","","","","","","","",""
"bri","Brisbane Broncos","Jordan Riki","2nd Row","backup_baseline","","no_candidate_found","","","","","","","","","","","","","",""
"bri","Brisbane Broncos","Patrick Carrigan","Lock","backup_baseline","","no_candidate_found","","","","","","","","","","","","","",""
"bri","Brisbane Broncos","Billy Walters","Interchange","backup_baseline","","no_candidate_found","","","","","","","","","","","","","",""
"bri","Brisbane Broncos","Xavier Willison","Interchange","backup_baseline","","no_candidate_found","","","","","","","","","","","","","",""
"bri","Brisbane Broncos","Jack Gosiewski","Interchange","backup_baseline","","no_candidate_found","","","","","","","","","","","","","",""
"bri","Brisbane Broncos","Aublix Tawha","Interchange","backup_baseline","","no_candidate_found","","","","","","","","","","","","","",""
"bri","Brisbane Broncos","Ben Talty","Unknown","derived_bucket_range","1","player_specific_contract_candidate","racingandsports.com.au","false","false","35","contract_or_salary_language|signing_language|term_length_language","bing-html","simple_alias_contract","","","","","Big Ben extends time at Broncos dream factory - Racing and Sports","https://www.racingandsports.com.au/news/sports/rugby-league/0001-01-01/big-ben-extends-time-at-broncos-dream-factory/700192","Brisbane's mature-age rookie Ben Talty signed his two-year extension as soon as he laid eyes on it after making the most of his NRL opportunity. After inking a two-year contract extension, Brisbane prop ..."
"bri","Brisbane Broncos","Ben Talty","Unknown","derived_bucket_range","2","player_specific_contract_candidate","sportingnews.com","false","false","30","contract_or_salary_language|term_length_language","bing-html","simple_alias_contract","","","","","Emerging late bloomer inks two-year contract extension at the Broncos ...","https://www.sportingnews.com/au/rugby-league/news/ben-talty-nrl-contract-extension-broncos/d4ca0098585af1844c6c81e6","17 Sept 2025 Ben Talty's whirlwind year has reached another milestone, with the 26-year-old middle forward signing a fresh two-year contract extension at the Brisbane Broncos."
"bri","Brisbane Broncos","Ben Talty","Unknown","derived_bucket_range","3","player_specific_contract_candidate","raidercast.com.au","false","false","30","contract_or_salary_language|term_language|term_length_language","bing-html","simple_alias_contract","","","","","Mid-season Broncos arrival ""with plenty of impact"" inks new NRL contract","https://raidercast.com.au/mid-season-broncos-arrival-with-plenty-of-impact-inks-new-nrl-contract/","17 Sept 2025 Broncos re-sign prop Ben Talty for two years, ensuring his stay through 2027 seasons. Zero Tackle The Brisbane Broncos have confirmed the re-signing of prop Ben Talty. The 26-year ..."
"bri","Brisbane Broncos","Ben Talty","Unknown","derived_bucket_range","4","player_specific_contract_candidate","centralwesterndaily.com.au","false","false","30","contract_or_salary_language|term_length_language","bing-html","simple_alias_contract","","","","","Big Ben extends time at Broncos dream factory","https://www.centralwesterndaily.com.au/story/9068820/big-ben-extends-time-at-broncos-dream-factory/","17 Sept 2025 After inking a two-year contract extension, Brisbane prop Ben Talty is living a dream that has already exceeded his expectations. The 26-year-old was battling away for North Sydney in the ..."
"bri","Brisbane Broncos","Ben Talty","Unknown","derived_bucket_range","5","player_specific_contract_candidate","benallaensign.com.au","false","false","30","contract_or_salary_language|term_length_language","bing-html","simple_alias_contract","","","","","Big Ben extends time at Broncos dream factory | Benalla Ensign","https://www.benallaensign.com.au/rugby-league/big-ben-extends-time-at-broncos-dream-factory/","17 Sept 2025 After inking a two-year contract extension, Brisbane prop Ben Talty is living a dream that has already exceeded his expectations."
"bri","Brisbane Broncos","Ben Talty","Unknown","derived_bucket_range","6","player_specific_contract_candidate","theqldr.com.au","false","false","30","contract_or_salary_language|term_length_language","bing-html","simple_alias_contract","","","","","Big Ben extends time at Broncos dream factory – The Queenslander","https://theqldr.com.au/sport/2025/09/17/rl_broncos_talty/","17 Sept 2025 After inking a two-year contract extension, Brisbane prop Ben Talty is living a dream that has already exceeded his expectations. The 26-year-old was battling away for North Sydney in the ..."
"bri","Brisbane Broncos","Blake Mozer","Unknown","derived_bucket_range","","no_candidate_found","","","","","","","","","","","","","",""
"bri","Brisbane Broncos","Ben Te Kura","Unknown","derived_bucket_range","","no_candidate_found","","","","","","","","","","","","","",""
"bri","Brisbane Broncos","Cory Paix","Unknown","derived_bucket_range","","no_candidate_found","","","","","","","","","","","","","",""
"bri","Brisbane Broncos","Delouise Hoeter","Unknown","derived_bucket_range","","no_candidate_found","","","","","","","","","","","","","",""
"bri","Brisbane Broncos","Hayze Perham","Unknown","derived_bucket_range","","no_candidate_found","","","","","","","","","","","","","",""
"bri","Brisbane Broncos","Jaiyden Hunt","Unknown","derived_bucket_range","","no_candidate_found","","","","","","","","","","","","","",""
"bri","Brisbane Broncos","Jesse Arthars","Unknown","derived_bucket_range","","no_candidate_found","","","","","","","","","","","","","",""
"bri","Brisbane Broncos","Josh Rogers","Unknown","derived_bucket_range","","no_candidate_found","","","","","","","","","","","","","",""
"bri","Brisbane Broncos","Josiah Karapani","Unknown","derived_bucket_range","","no_candidate_found","","","","","","","","","","","","","",""
"bri","Brisbane Broncos","Tom Duffy","Unknown","derived_bucket_range","","no_candidate_found","","","","","","","","","","","","","",""
"can","Canberra Raiders","Kaeo Weekes","Fullback","backup_baseline","","no_candidate_found","","","","","","","","","","","","","",""
"can","Canberra Raiders","Savelio Tamale","Winger","backup_baseline","","no_candidate_found","","","","","","","","","","","","","",""
"can","Canberra Raiders","Matthew Timoko","Centre","backup_baseline","","no_candidate_found","","","","","","","","","","","","","",""
"can","Canberra Raiders","Sebastian Kris","Centre","backup_baseline","","no_candidate_found","","","","","","","","","","","","","",""
"can","Canberra Raiders","Xavier Savage","Winger","backup_baseline","","no_candidate_found","","","","","","","","","","","","","",""
"can","Canberra Raiders","Ethan Strange","Five-Eighth","backup_baseline","","no_candidate_found","","","","","","","","","","","","","",""
"can","Canberra Raiders","Ethan Sanders","Halfback","backup_baseline","","no_candidate_found","","","","","","","","","","","","","",""
"can","Canberra Raiders","Josh Papali'i","Prop","backup_baseline","","no_candidate_found","","","","","","","","","","","","","",""
"can","Canberra Raiders","Tom Starling","Hooker","backup_baseline","","no_candidate_found","","","","","","","","","","","","","",""
"can","Canberra Raiders","Joseph Tapine","Prop","backup_baseline","","no_candidate_found","","","","","","","","","","","","","",""
"can","Canberra Raiders","Hudson Young","2nd Row","backup_baseline","","no_candidate_found","","","","","","","","","","","","","",""
"can","Canberra Raiders","Noah Martin","2nd Row","backup_baseline","","no_candidate_found","","","","","","","","","","","","","",""
"can","Canberra Raiders","Corey Horsburgh","Lock","backup_baseline","","no_candidate_found","","","","","","","","","","","","","",""
"can","Canberra Raiders","Jayden Brailey","Interchange","backup_baseline","","no_candidate_found","","","","","","","","","","","","","",""
"can","Canberra Raiders","Zac Hosking","Interchange","backup_baseline","","no_candidate_found","","","","","","","","","","","","","",""
"can","Canberra Raiders","Morgan Smithies","Interchange","backup_baseline","","no_candidate_found","","","","","","","","","","","","","",""
"can","Canberra Raiders","Simi Sasagi","Interchange","backup_baseline","","no_candidate_found","","","","","","","","","","","","","",""
"can","Canberra Raiders","Ata Mariota","Unknown","derived_bucket_range","","no_candidate_found","","","","","","","","","","","","","",""
"can","Canberra Raiders","Chevy Stewart","Unknown","derived_bucket_range","","no_candidate_found","","","","","","","","","","","","","",""
"can","Canberra Raiders","Coby Black","Unknown","derived_bucket_range","","no_candidate_found","","","","","","","","","","","","","",""
"can","Canberra Raiders","Daine Laurie","Unknown","derived_bucket_range","","no_candidate_found","","","","","","","","","","","","","",""
"can","Canberra Raiders","Jake Clydesdale","Unknown","derived_bucket_range","","no_candidate_found","","","","","","","","","","","","","",""
"can","Canberra Raiders","Joe Roddy","Unknown","derived_bucket_range","","no_candidate_found","","","","","","","","","","","","","",""
"can","Canberra Raiders","Matty Nicholson","Unknown","derived_bucket_range","","no_candidate_found","","","","","","","","","","","","","",""
"can","Canberra Raiders","Michael Asomua","Unknown","derived_bucket_range","","no_candidate_found","","","","","","","","","","","","","",""
"can","Canberra Raiders","Myles Martin","Unknown","derived_bucket_range","","no_candidate_found","","","","","","","","","","","","","",""
"can","Canberra Raiders","Owen Pattie","Unknown","derived_bucket_range","","no_candidate_found","","","","","","","","","","","","","",""
"can","Canberra Raiders","Sione Finau","Unknown","derived_bucket_range","","no_candidate_found","","","","","","","","","","","","","",""
"can","Canberra Raiders","Vena Patuki-Case","Unknown","derived_bucket_range","","no_candidate_found","","","","","","","","","","","","","",""
"cby","Canterbury-Bankstown Bulldogs","Connor Tracey","Fullback","backup_baseline","","no_candidate_found","","","","","","","","","","","","","",""
"cby","Canterbury-Bankstown Bulldogs","Jacob Kiraz","Winger","backup_baseline","","no_candidate_found","","","","","","","","","","","","","",""
"cby","Canterbury-Bankstown Bulldogs","Bronson Xerri","Centre","backup_baseline","","no_candidate_found","","","","","","","","","","","","","",""
"cby","Canterbury-Bankstown Bulldogs","Stephen Crichton","Centre","backup_baseline","","no_candidate_found","","","","","","","","","","","","","",""
"cby","Canterbury-Bankstown Bulldogs","Marcelo Montoya","Winger","backup_baseline","","no_candidate_found","","","","","","","","","","","","","",""
"cby","Canterbury-Bankstown Bulldogs","Matt Burton","Five-Eighth","backup_baseline","","no_candidate_found","","","","","","","","","","","","","",""
"cby","Canterbury-Bankstown Bulldogs","Lachlan Galvin","Halfback","backup_baseline","","no_candidate_found","","","","","","","","","","","","","",""
"cby","Canterbury-Bankstown Bulldogs","Max King","Prop","backup_baseline","","no_candidate_found","","","","","","","","","","","","","",""
"cby","Canterbury-Bankstown Bulldogs","Bailey Hayward","Hooker","backup_baseline","","no_candidate_found","","","","","","","","","","","","","",""
"cby","Canterbury-Bankstown Bulldogs","Leo Thompson","Prop","backup_baseline","","no_candidate_found","","","","","","","","","","","","","",""
"cby","Canterbury-Bankstown Bulldogs","Viliame Kikau","2nd Row","backup_baseline","","no_candidate_found","","","","","","","","","","","","","",""
"cby","Canterbury-Bankstown Bulldogs","Jacob Preston","2nd Row","backup_baseline","","no_candidate_found","","","","","","","","","","","","","",""
"cby","Canterbury-Bankstown Bulldogs","Jaeman Salmon","Lock","backup_baseline","","no_candidate_found","","","","","","","","","","","","","",""
"cby","Canterbury-Bankstown Bulldogs","Kurt Mann","Interchange","backup_baseline","","no_candidate_found","","","","","","","","","","","","","",""
"cby","Canterbury-Bankstown Bulldogs","Sitili Tupouniua","Interchange","backup_baseline","","no_candidate_found","","","","","","","","","","","","","",""
"cby","Canterbury-Bankstown Bulldogs","Josh Curran","Interchange","backup_baseline","","no_candidate_found","","","","","","","","","","","","","",""
"cby","Canterbury-Bankstown Bulldogs","Samuel Hughes","Interchange","backup_baseline","","no_candidate_found","","","","","","","","","","","","","",""
"cby","Canterbury-Bankstown Bulldogs","Daniel Suluka-Fifita","Unknown","derived_bucket_range","","no_candidate_found","","","","","","","","","","","","","",""
"cby","Canterbury-Bankstown Bulldogs","Enari Tuala","Unknown","derived_bucket_range","","no_candidate_found","","","","","","","","","","","","","",""
"cby","Canterbury-Bankstown Bulldogs","Finau Latu","Unknown","derived_bucket_range","","no_candidate_found","","","","","","","","","","","","","",""
"cby","Canterbury-Bankstown Bulldogs","Harry Hayes","Unknown","derived_bucket_range","","no_candidate_found","","","","","","","","","","","","","",""
"cby","Canterbury-Bankstown Bulldogs","Jack Todd","Unknown","derived_bucket_range","","no_candidate_found","","","","","","","","","","","","","",""
"cby","Canterbury-Bankstown Bulldogs","Jake Turpin","Unknown","derived_bucket_range","","no_candidate_found","","","","","","","","","","","","","",""
"cby","Canterbury-Bankstown Bulldogs","Jonathan Sua","Unknown","derived_bucket_range","","no_candidate_found","","","","","","","","","","","","","",""
"cby","Canterbury-Bankstown Bulldogs","Kade Dykes","Unknown","derived_bucket_range","","no_candidate_found","","","","","","","","","","","","","",""
"cby","Canterbury-Bankstown Bulldogs","Lipoi Hopoi","Unknown","derived_bucket_range","","no_candidate_found","","","","","","","","","","","","","",""
"cby","Canterbury-Bankstown Bulldogs","Mitchell Woods","Unknown","derived_bucket_range","","no_candidate_found","","","","","","","","","","","","","",""
"cby","Canterbury-Bankstown Bulldogs","Patrick Young","Unknown","derived_bucket_range","","no_candidate_found","","","","","","","","","","","","","",""
"cby","Canterbury-Bankstown Bulldogs","Sean O'Sullivan","Unknown","derived_bucket_range","","no_candidate_found","","","","","","","","","","","","","",""
"cby","Canterbury-Bankstown Bulldogs","Zyon Maiu’u","Unknown","derived_bucket_range","","no_candidate_found","","","","","","","","","","","","","",""
"cro","Cronulla-Sutherland Sharks","Will Kennedy","Fullback","backup_baseline","","no_candidate_found","","","","","","","","","","","","","",""
"cro","Cronulla-Sutherland Sharks","Sione Katoa","Winger","backup_baseline","","no_candidate_found","","","","","","","","","","","","","",""
"cro","Cronulla-Sutherland Sharks","Jesse Ramien","Centre","backup_baseline","","no_candidate_found","","","","","","","","","","","","","",""
"cro","Cronulla-Sutherland Sharks","KL Iro","Centre","backup_baseline","","no_candidate_found","","","","","","","","","","","","","",""
"cro","Cronulla-Sutherland Sharks","Ronaldo Mulitalo","Winger","backup_baseline","","no_candidate_found","","","","","","","","","","","","","",""
"cro","Cronulla-Sutherland Sharks","Braydon Trindall","Five-Eighth","backup_baseline","","no_candidate_found","","","","","","","","","","","","","",""
"cro","Cronulla-Sutherland Sharks","Nicho Hynes","Halfback","backup_baseline","","no_candidate_found","","","","","","","","","","","","","",""
"cro","Cronulla-Sutherland Sharks","Addin Fonua-Blake","Prop","backup_baseline","","no_candidate_found","","","","","","","","","","","","","",""
"cro","Cronulla-Sutherland Sharks","Blayke Brailey","Hooker","backup_baseline","","no_candidate_found","","","","","","","","","","","","","",""
"cro","Cronulla-Sutherland Sharks","Tom Hazleton","Prop","backup_baseline","","no_candidate_found","","","","","","","","","","","","","",""
"cro","Cronulla-Sutherland Sharks","Briton Nikora","2nd Row","backup_baseline","","no_candidate_found","","","","","","","","","","","","","",""
"cro","Cronulla-Sutherland Sharks","Teig Wilton","2nd Row","backup_baseline","","no_candidate_found","","","","","","","","","","","","","",""
"cro","Cronulla-Sutherland Sharks","Cameron McInnes","Lock","backup_baseline","","no_candidate_found","","","","","","","","","","","","","",""
"cro","Cronulla-Sutherland Sharks","Billy Burns","Interchange","backup_baseline","","no_candidate_found","","","","","","","","","","","","","",""
"cro","Cronulla-Sutherland Sharks","Jesse Colquhoun","Interchange","backup_baseline","","no_candidate_found","","","","","","","","","","","","","",""
"cro","Cronulla-Sutherland Sharks","Sifa Talakai","Interchange","backup_baseline","","no_candidate_found","","","","","","","","","","","","","",""
"cro","Cronulla-Sutherland Sharks","Toby Rudolf","Interchange","backup_baseline","","no_candidate_found","","","","","","","","","","","","","",""
"cro","Cronulla-Sutherland Sharks","Braden Uele","Unknown","derived_bucket_range","","no_candidate_found","","","","","","","","","","","","","",""
"cro","Cronulla-Sutherland Sharks","Hohepa Puru","Unknown","derived_bucket_range","","no_candidate_found","","","","","","","","","","","","","",""
"cro","Cronulla-Sutherland Sharks","Jayden Berrell","Unknown","derived_bucket_range","","no_candidate_found","","","","","","","","","","","","","",""
"cro","Cronulla-Sutherland Sharks","Liam Ison","Unknown","derived_bucket_range","","no_candidate_found","","","","","","","","","","","","","",""
"cro","Cronulla-Sutherland Sharks","Mawene Hiroti","Unknown","derived_bucket_range","","no_candidate_found","","","","","","","","","","","","","",""
"cro","Cronulla-Sutherland Sharks","Niwhai Puru","Unknown","derived_bucket_range","","no_candidate_found","","","","","","","","","","","","","",""
"cro","Cronulla-Sutherland Sharks","Oregon Kaufusi","Unknown","derived_bucket_range","","no_candidate_found","","","","","","","","","","","","","",""
"cro","Cronulla-Sutherland Sharks","Riley Jones","Unknown","derived_bucket_range","","no_candidate_found","","","","","","","","","","","","","",""
"cro","Cronulla-Sutherland Sharks","Sam Stonestreet","Unknown","derived_bucket_range","","no_candidate_found","","","","","","","","","","","","","",""
"cro","Cronulla-Sutherland Sharks","Thomas Dellow","Unknown","derived_bucket_range","","no_candidate_found","","","","","","","","","","","","","",""
"cro","Cronulla-Sutherland Sharks","Tuku Hau Tapuha","Unknown","derived_bucket_range","","no_candidate_found","","","","","","","","","","","","","",""
"dol","Dolphins","Hamiso Tabuai-Fidow","Fullback","backup_baseline","","no_candidate_found","","","","","","","","","","","","","",""
"dol","Dolphins","Jamayne Isaako","Winger","backup_baseline","","no_candidate_found","","","","","","","","","","","","","",""
"dol","Dolphins","Selwyn Cobbo","Centre","backup_baseline","","no_candidate_found","","","","","","","","","","","","","",""
"dol","Dolphins","Herbie Farnworth","Centre","backup_baseline","","no_candidate_found","","","","","","","","","","","","","",""
"dol","Dolphins","Jack Bostock","Winger","backup_baseline","","no_candidate_found","","","","","","","","","","","","","",""
"dol","Dolphins","Kodi Nikorima","Five-Eighth","backup_baseline","","no_candidate_found","","","","","","","","","","","","","",""
"dol","Dolphins","Isaiya Katoa","Halfback","backup_baseline","","no_candidate_found","","","","","","","","","","","","","",""
"dol","Dolphins","Daniel Saifiti","Prop","backup_baseline","","no_candidate_found","","","","","","","","","","","","","",""
"dol","Dolphins","Jeremy Marshall-King","Hooker","backup_baseline","","no_candidate_found","","","","","","","","","","","","","",""
"dol","Dolphins","Thomas Flegler","Prop","backup_baseline","","no_candidate_found","","","","","","","","","","","","","",""
"dol","Dolphins","Felise Kaufusi","2nd Row","backup_baseline","","no_candidate_found","","","","","","","","","","","","","",""
"dol","Dolphins","Kulikefu Finefeuiaki","2nd Row","backup_baseline","","no_candidate_found","","","","","","","","","","","","","",""
"dol","Dolphins","Tom Gilbert","Lock","backup_baseline","","no_candidate_found","","","","","","","","","","","","","",""
"dol","Dolphins","Kurt Donoghoe","Interchange","backup_baseline","","no_candidate_found","","","","","","","","","","","","","",""
"dol","Dolphins","Connelly Lemuelu","Interchange","backup_baseline","","no_candidate_found","","","","","","","","","","","","","",""
"dol","Dolphins","Max Plath","Interchange","backup_baseline","","no_candidate_found","","","","","","","","","","","","","",""
"dol","Dolphins","Morgan Knowles","Interchange","backup_baseline","","no_candidate_found","","","","","","","","","","","","","",""
"dol","Dolphins","Jake Averillo","Unknown","derived_bucket_range","","no_candidate_found","","","","","","","","","","","","","",""
"dol","Dolphins","Brad Schneider","Unknown","derived_bucket_range","","no_candidate_found","","","","","","","","","","","","","",""
"dol","Dolphins","Brian Pouniu","Unknown","derived_bucket_range","","no_candidate_found","","","","","","","","","","","","","",""
"dol","Dolphins","Elijah Rasmussen","Unknown","derived_bucket_range","","no_candidate_found","","","","","","","","","","","","","",""
"dol","Dolphins","Francis Molo","Unknown","derived_bucket_range","","no_candidate_found","","","","","","","","","","","","","",""
"dol","Dolphins","LJ Nonu","Unknown","derived_bucket_range","","no_candidate_found","","","","","","","","","","","","","",""
"dol","Dolphins","Oryn Keeley","Unknown","derived_bucket_range","","no_candidate_found","","","","","","","","","","","","","",""
"dol","Dolphins","Ray Stone","Unknown","derived_bucket_range","","no_candidate_found","","","","","","","","","","","","","",""
"dol","Dolphins","Sebastian Su’a","Unknown","derived_bucket_range","","no_candidate_found","","","","","","","","","","","","","",""
"dol","Dolphins","Tevita Naufahu","Unknown","derived_bucket_range","","no_candidate_found","","","","","","","","","","","","","",""
"dol","Dolphins","Trai Fuller","Unknown","derived_bucket_range","","no_candidate_found","","","","","","","","","","","","","",""
"gld","Gold Coast Titans","Keano Kini","Fullback","backup_baseline","","no_candidate_found","","","","","","","","","","","","","",""
"gld","Gold Coast Titans","Jaylan De Groot","Winger","backup_baseline","","no_candidate_found","","","","","","","","","","","","","",""
"gld","Gold Coast Titans","Jojo Fifita","Centre","backup_baseline","","no_candidate_found","","","","","","","","","","","","","",""
"gld","Gold Coast Titans","Phillip Sami","Centre","backup_baseline","","no_candidate_found","","","","","","","","","","","","","",""
"gld","Gold Coast Titans","Max Feagai","Winger","backup_baseline","","no_candidate_found","","","","","","","","","","","","","",""
"gld","Gold Coast Titans","AJ Brimson","Five-Eighth","backup_baseline","","no_candidate_found","","","","","","","","","","","","","",""
"gld","Gold Coast Titans","Jayden Campbell","Halfback","backup_baseline","","no_candidate_found","","","","","","","","","","","","","",""
"gld","Gold Coast Titans","Moeaki Fotuaika","Prop","backup_baseline","","no_candidate_found","","","","","","","","","","","","","",""
"gld","Gold Coast Titans","Sam Verrills","Hooker","backup_baseline","","no_candidate_found","","","","","","","","","","","","","",""
"gld","Gold Coast Titans","Tino Fa’asuamaleaui","Prop","backup_baseline","","no_candidate_found","","","","","","","","","","","","","",""
"gld","Gold Coast Titans","Klese Haas","2nd Row","backup_baseline","","no_candidate_found","","","","","","","","","","","","","",""
"gld","Gold Coast Titans","Beau Fermor","2nd Row","backup_baseline","","no_candidate_found","","","","","","","","","","","","","",""
"gld","Gold Coast Titans","Chris Randall","Lock","backup_baseline","","no_candidate_found","","","","","","","","","","","","","",""
"gld","Gold Coast Titans","Luke Sommerton","Interchange","backup_baseline","","no_candidate_found","","","","","","","","","","","","","",""
"gld","Gold Coast Titans","Jaimin Joliffe","Interchange","backup_baseline","","no_candidate_found","","","","","","","","","","","","","",""
"gld","Gold Coast Titans","Kurtis Morrin","Interchange","backup_baseline","","no_candidate_found","","","","","","","","","","","","","",""
"gld","Gold Coast Titans","Cooper Bai","Interchange","backup_baseline","","no_candidate_found","","","","","","","","","","","","","",""
"gld","Gold Coast Titans","Adam Christensen","Unknown","derived_bucket_range","","no_candidate_found","","","","","","","","","","","","","",""
"gld","Gold Coast Titans","Allan Fitzgibbon","Unknown","derived_bucket_range","","no_candidate_found","","","","","","","","","","","","","",""
"gld","Gold Coast Titans","Arama Hau","Unknown","derived_bucket_range","","no_candidate_found","","","","","","","","","","","","","",""
"gld","Gold Coast Titans","Brock Gray","Unknown","derived_bucket_range","","no_candidate_found","","","","","","","","","","","","","",""
"gld","Gold Coast Titans","Jensen Taumoepeau","Unknown","derived_bucket_range","","no_candidate_found","","","","","","","","","","","","","",""
"gld","Gold Coast Titans","Jett Liu","Unknown","derived_bucket_range","","no_candidate_found","","","","","","","","","","","","","",""
"gld","Gold Coast Titans","Josh Patson","Unknown","derived_bucket_range","","no_candidate_found","","","","","","","","","","","","","",""
"gld","Gold Coast Titans","Lachlan Ilias","Unknown","derived_bucket_range","","no_candidate_found","","","","","","","","","","","","","",""
"gld","Gold Coast Titans","Siale Faeamani","Unknown","derived_bucket_range","","no_candidate_found","","","","","","","","","","","","","",""
"gld","Gold Coast Titans","Tuki Simpkins","Unknown","derived_bucket_range","","no_candidate_found","","","","","","","","","","","","","",""
"gld","Gold Coast Titans","Tony Francis","Unknown","derived_bucket_range","","no_candidate_found","","","","","","","","","","","","","",""
"gld","Gold Coast Titans","Zane Harrison","Unknown","derived_bucket_range","","no_candidate_found","","","","","","","","","","","","","",""
"man","Manly Warringah Sea Eagles","Tom Trbojevic","Fullback","backup_baseline","","no_candidate_found","","","","","","","","","","","","","",""
"man","Manly Warringah Sea Eagles","Jason Saab","Winger","backup_baseline","","no_candidate_found","","","","","","","","","","","","","",""
"man","Manly Warringah Sea Eagles","Tolutau Koula","Centre","backup_baseline","","no_candidate_found","","","","","","","","","","","","","",""
"man","Manly Warringah Sea Eagles","Reuben Garrick","Centre","backup_baseline","","no_candidate_found","","","","","","","","","","","","","",""
"man","Manly Warringah Sea Eagles","Lehi Hopoate","Winger","backup_baseline","","no_candidate_found","","","","","","","","","","","","","",""
"man","Manly Warringah Sea Eagles","Luke Brooks","Five-Eighth","backup_baseline","","no_candidate_found","","","","","","","","","","","","","",""
"man","Manly Warringah Sea Eagles","Jamal Fogarty","Halfback","backup_baseline","","no_candidate_found","","","","","","","","","","","","","",""
"man","Manly Warringah Sea Eagles","Taniela Paseka","Prop","backup_baseline","","no_candidate_found","","","","","","","","","","","","","",""
"man","Manly Warringah Sea Eagles","Jake Simpkin","Hooker","backup_baseline","","no_candidate_found","","","","","","","","","","","","","",""
"man","Manly Warringah Sea Eagles","Kobe Hetherington","Prop","backup_baseline","","no_candidate_found","","","","","","","","","","","","","",""
"man","Manly Warringah Sea Eagles","Haumole Olakau'atu","2nd Row","backup_baseline","","no_candidate_found","","","","","","","","","","","","","",""
"man","Manly Warringah Sea Eagles","Ben Trbojevic","2nd Row","backup_baseline","","no_candidate_found","","","","","","","","","","","","","",""
"man","Manly Warringah Sea Eagles","Jake Trbojevic","Lock","backup_baseline","","no_candidate_found","","","","","","","","","","","","","",""
"man","Manly Warringah Sea Eagles","Siosiua Taukeiaho","Interchange","backup_baseline","","no_candidate_found","","","","","","","","","","","","","",""
"man","Manly Warringah Sea Eagles","Nathan Brown","Interchange","backup_baseline","","no_candidate_found","","","","","","","","","","","","","",""
"man","Manly Warringah Sea Eagles","Ethan Bullemor","Interchange","backup_baseline","","no_candidate_found","","","","","","","","","","","","","",""
"man","Manly Warringah Sea Eagles","Joey Walsh","Interchange","backup_baseline","","no_candidate_found","","","","","","","","","","","","","",""
"man","Manly Warringah Sea Eagles","Aaron Schoupp","Unknown","derived_bucket_range","","no_candidate_found","","","","","","","","","","","","","",""
"man","Manly Warringah Sea Eagles","Blake Wilson","Unknown","derived_bucket_range","","no_candidate_found","","","","","","","","","","","","","",""
"man","Manly Warringah Sea Eagles","Caleb Navale","Unknown","derived_bucket_range","","no_candidate_found","","","","","","","","","","","","","",""
"man","Manly Warringah Sea Eagles","Clayton Faulalo","Unknown","derived_bucket_range","","no_candidate_found","","","","","","","","","","","","","",""
"man","Manly Warringah Sea Eagles","Navren Willett","Unknown","derived_bucket_range","","no_candidate_found","","","","","","","","","","","","","",""
"man","Manly Warringah Sea Eagles","Onitoni Large","Unknown","derived_bucket_range","","no_candidate_found","","","","","","","","","","","","","",""
"man","Manly Warringah Sea Eagles","Paul Bryan","Unknown","derived_bucket_range","","no_candidate_found","","","","","","","","","","","","","",""
"man","Manly Warringah Sea Eagles","Simione Laiafi","Unknown","derived_bucket_range","","no_candidate_found","","","","","","","","","","","","","",""
"man","Manly Warringah Sea Eagles","Zach Dockar-Clay","Unknown","derived_bucket_range","","no_candidate_found","","","","","","","","","","","","","",""
"man","Manly Warringah Sea Eagles","Zaidas Muagututia","Unknown","derived_bucket_range","","no_candidate_found","","","","","","","","","","","","","",""
"mel","Melbourne Storm","Sualauvi Fa’alogo","Fullback","backup_baseline","","no_candidate_found","","","","","","","","","","","","","",""
"mel","Melbourne Storm","Will Warbrick","Winger","backup_baseline","","no_candidate_found","","","","","","","","","","","","","",""
"mel","Melbourne Storm","Jack Howarth","Centre","backup_baseline","","no_candidate_found","","","","","","","","","","","","","",""
"mel","Melbourne Storm","Nick Meaney","Centre","backup_baseline","","no_candidate_found","","","","","","","","","","","","","",""
"mel","Melbourne Storm","Xavier Coates","Winger","backup_baseline","","no_candidate_found","","","","","","","","","","","","","",""
"mel","Melbourne Storm","Cameron Munster","Five-Eighth","backup_baseline","","no_candidate_found","","","","","","","","","","","","","",""
"mel","Melbourne Storm","Jahrome Hughes","Halfback","backup_baseline","","no_candidate_found","","","","","","","","","","","","","",""
"mel","Melbourne Storm","Stefano Utoikamanu","Prop","backup_baseline","","no_candidate_found","","","","","","","","","","","","","",""
"mel","Melbourne Storm","Harry Grant","Hooker","backup_baseline","","no_candidate_found","","","","","","","","","","","","","",""
"mel","Melbourne Storm","Josh King","Prop","backup_baseline","","no_candidate_found","","","","","","","","","","","","","",""
"mel","Melbourne Storm","Shawn Blore","2nd Row","backup_baseline","","no_candidate_found","","","","","","","","","","","","","",""
"mel","Melbourne Storm","Joe Chan","2nd Row","backup_baseline","","no_candidate_found","","","","","","","","","","","","","",""
"mel","Melbourne Storm","Trent Loiero","Lock","backup_baseline","","no_candidate_found","","","","","","","","","","","","","",""
"mel","Melbourne Storm","Tyran Wishart","Interchange","backup_baseline","","no_candidate_found","","","","","","","","","","","","","",""
"mel","Melbourne Storm","Cooper Clarke","Interchange","backup_baseline","","no_candidate_found","","","","","","","","","","","","","",""
"mel","Melbourne Storm","Alec MacDonald","Interchange","backup_baseline","","no_candidate_found","","","","","","","","","","","","","",""
"mel","Melbourne Storm","Tui Kamikamica","Interchange","backup_baseline","","no_candidate_found","","","","","","","","","","","","","",""
"mel","Melbourne Storm","Ativalu Lisati","Unknown","derived_bucket_range","","no_candidate_found","","","","","","","","","","","","","",""
"mel","Melbourne Storm","Davvy Moale","Unknown","derived_bucket_range","","no_candidate_found","","","","","","","","","","","","","",""
"mel","Melbourne Storm","Gabriel Satrick","Unknown","derived_bucket_range","","no_candidate_found","","","","","","","","","","","","","",""
"mel","Melbourne Storm","Jack Hetherington","Unknown","derived_bucket_range","","no_candidate_found","","","","","","","","","","","","","",""
"mel","Melbourne Storm","Josiah Pahulu","Unknown","derived_bucket_range","","no_candidate_found","","","","","","","","","","","","","",""
"mel","Melbourne Storm","Lazarus Vaalepu","Unknown","derived_bucket_range","","no_candidate_found","","","","","","","","","","","","","",""
"mel","Melbourne Storm","Manaia Waitere","Unknown","derived_bucket_range","","no_candidate_found","","","","","","","","","","","","","",""
"mel","Melbourne Storm","Marion Seve","Unknown","derived_bucket_range","","no_candidate_found","","","","","","","","","","","","","",""
"mel","Melbourne Storm","Moses Leo","Unknown","derived_bucket_range","","no_candidate_found","","","","","","","","","","","","","",""
"mel","Melbourne Storm","Siulagi Tuimalata-Brown","Unknown","derived_bucket_range","","no_candidate_found","","","","","","","","","","","","","",""
"mel","Melbourne Storm","Trent Toelau","Unknown","derived_bucket_range","","no_candidate_found","","","","","","","","","","","","","",""
"nzl","New Zealand Warriors","Charnze Nicoll-Klokstad","Fullback","backup_baseline","","no_candidate_found","","","","","","","","","","","","","",""
"nzl","New Zealand Warriors","Dallin Watene-Zelezniak","Winger","backup_baseline","","no_candidate_found","","","","","","","","","","","","","",""
"nzl","New Zealand Warriors","Rocco Berry","Centre","backup_baseline","","no_candidate_found","","","","","","","","","","","","","",""
"nzl","New Zealand Warriors","Adam Pompey","Centre","backup_baseline","","no_candidate_found","","","","","","","","","","","","","",""
"nzl","New Zealand Warriors","Roger Tuivasa-Sheck","Winger","backup_baseline","","no_candidate_found","","","","","","","","","","","","","",""
"nzl","New Zealand Warriors","Luke Metcalf","Five-Eighth","backup_baseline","","no_candidate_found","","","","","","","","","","","","","",""
"nzl","New Zealand Warriors","Tanah Boyd","Halfback","backup_baseline","","no_candidate_found","","","","","","","","","","","","","",""
"nzl","New Zealand Warriors","James Fisher-Harris","Prop","backup_baseline","","no_candidate_found","","","","","","","","","","","","","",""
"nzl","New Zealand Warriors","Wayde Egan","Hooker","backup_baseline","","no_candidate_found","","","","","","","","","","","","","",""
"nzl","New Zealand Warriors","Jackson Ford","Prop","backup_baseline","","no_candidate_found","","","","","","","","","","","","","",""
"nzl","New Zealand Warriors","Kurt Capewell","2nd Row","backup_baseline","","no_candidate_found","","","","","","","","","","","","","",""
"nzl","New Zealand Warriors","Leka Halasima","2nd Row","backup_baseline","","no_candidate_found","","","","","","","","","","","","","",""
"nzl","New Zealand Warriors","Mitch Barnett","Lock","backup_baseline","","no_candidate_found","","","","","","","","","","","","","",""
"nzl","New Zealand Warriors","Chanel Tevita-Harris","Interchange","backup_baseline","","no_candidate_found","","","","","","","","","","","","","",""
"nzl","New Zealand Warriors","Erin Clark","Interchange","backup_baseline","","no_candidate_found","","","","","","","","","","","","","",""
"nzl","New Zealand Warriors","Morgan Gannon","Interchange","backup_baseline","","no_candidate_found","","","","","","","","","","","","","",""
"nzl","New Zealand Warriors","Marata Niukore","Interchange","backup_baseline","","no_candidate_found","","","","","","","","","","","","","",""
"nzl","New Zealand Warriors","Jacob Laban","Unknown","derived_bucket_range","","no_candidate_found","","","","","","","","","","","","","",""
"nzl","New Zealand Warriors","Alofiana Khan-Pereira","Unknown","derived_bucket_range","","no_candidate_found","","","","","","","","","","","","","",""
"nzl","New Zealand Warriors","Ali Leiataua","Unknown","derived_bucket_range","","no_candidate_found","","","","","","","","","","","","","",""
"nzl","New Zealand Warriors","Demitric Vaimauga","Unknown","derived_bucket_range","","no_candidate_found","","","","","","","","","","","","","",""
"nzl","New Zealand Warriors","Eddie Ieremia-Toeava","Unknown","derived_bucket_range","","no_candidate_found","","","","","","","","","","","","","",""
"nzl","New Zealand Warriors","Haizyn Mellars","Unknown","derived_bucket_range","","no_candidate_found","","","","","","","","","","","","","",""
"nzl","New Zealand Warriors","Jye Linnane","Unknown","derived_bucket_range","","no_candidate_found","","","","","","","","","","","","","",""
"nzl","New Zealand Warriors","Kayliss Fatialofa","Unknown","derived_bucket_range","","no_candidate_found","","","","","","","","","","","","","",""
"nzl","New Zealand Warriors","Sam Healey","Unknown","derived_bucket_range","","no_candidate_found","","","","","","","","","","","","","",""
"nzl","New Zealand Warriors","Taine Tuaupiki","Unknown","derived_bucket_range","","no_candidate_found","","","","","","","","","","","","","",""
"nzl","New Zealand Warriors","Tanner Stowers-Smith","Unknown","derived_bucket_range","","no_candidate_found","","","","","","","","","","","","","",""
"nzl","New Zealand Warriors","Te Maire Martin","Unknown","derived_bucket_range","","no_candidate_found","","","","","","","","","","","","","",""
"new","Newcastle Knights","Kalyn Ponga","Fullback","backup_baseline","","no_candidate_found","","","","","","","","","","","","","",""
"new","Newcastle Knights","Dominic Young","Winger","backup_baseline","","no_candidate_found","","","","","","","","","","","","","",""
"new","Newcastle Knights","Dane Gagai","Centre","backup_baseline","","no_candidate_found","","","","","","","","","","","","","",""
"new","Newcastle Knights","Bradman Best","Centre","backup_baseline","","no_candidate_found","","","","","","","","","","","","","",""
"new","Newcastle Knights","Greg Marzhew","Winger","backup_baseline","","no_candidate_found","","","","","","","","","","","","","",""
"new","Newcastle Knights","Fletcher Sharpe","Five-Eighth","backup_baseline","","no_candidate_found","","","","","","","","","","","","","",""
"new","Newcastle Knights","Dylan Brown","Halfback","backup_baseline","","no_candidate_found","","","","","","","","","","","","","",""
"new","Newcastle Knights","Jacob Saifiti","Prop","backup_baseline","","no_candidate_found","","","","","","","","","","","","","",""
"new","Newcastle Knights","Phoenix Crossland","Hooker","backup_baseline","","no_candidate_found","","","","","","","","","","","","","",""
"new","Newcastle Knights","Trey Mooney","Prop","backup_baseline","","no_candidate_found","","","","","","","","","","","","","",""
"new","Newcastle Knights","Dylan Lucas","2nd Row","backup_baseline","","no_candidate_found","","","","","","","","","","","","","",""
"new","Newcastle Knights","Jermaine McEwen","2nd Row","backup_baseline","","no_candidate_found","","","","","","","","","","","","","",""
"new","Newcastle Knights","Mathew Croker","Lock","backup_baseline","","no_candidate_found","","","","","","","","","","","","","",""
"new","Newcastle Knights","Sandon Smith","Interchange","backup_baseline","","no_candidate_found","","","","","","","","","","","","","",""
"new","Newcastle Knights","Tyson Frizell","Interchange","backup_baseline","","no_candidate_found","","","","","","","","","","","","","",""
"new","Newcastle Knights","Brodie Jones","Interchange","backup_baseline","","no_candidate_found","","","","","","","","","","","","","",""
"new","Newcastle Knights","Cody Hopwood","Interchange","backup_baseline","","no_candidate_found","","","","","","","","","","","","","",""
"new","Newcastle Knights","Asu Kepaoa","Unknown","derived_bucket_range","","no_candidate_found","","","","","","","","","","","","","",""
"new","Newcastle Knights","Elijah Salesa-Leaumoana","Unknown","derived_bucket_range","","no_candidate_found","","","","","","","","","","","","","",""
"new","Newcastle Knights","Francis Manuleleua","Unknown","derived_bucket_range","","no_candidate_found","","","","","","","","","","","","","",""
"new","Newcastle Knights","James Schiller","Unknown","derived_bucket_range","","no_candidate_found","","","","","","","","","","","","","",""
"new","Newcastle Knights","Lachlan Crouch","Unknown","derived_bucket_range","","no_candidate_found","","","","","","","","","","","","","",""
"new","Newcastle Knights","Matt Arthur","Unknown","derived_bucket_range","","no_candidate_found","","","","","","","","","","","","","",""
"new","Newcastle Knights","Pasamu Saulo","Unknown","derived_bucket_range","","no_candidate_found","","","","","","","","","","","","","",""
"new","Newcastle Knights","Peter Hola","Unknown","derived_bucket_range","","no_candidate_found","","","","","","","","","","","","","",""
"new","Newcastle Knights","Thomas Cant","Unknown","derived_bucket_range","","no_candidate_found","","","","","","","","","","","","","",""
"new","Newcastle Knights","Wil Sullivan","Unknown","derived_bucket_range","","no_candidate_found","","","","","","","","","","","","","",""
"new","Newcastle Knights","Wilson Decourcey","Unknown","derived_bucket_range","","no_candidate_found","","","","","","","","","","","","","",""
"nql","North Queensland Cowboys","Scott Drinkwater","Fullback","backup_baseline","","no_candidate_found","","","","","","","","","","","","","",""
"nql","North Queensland Cowboys","Murray Taulagi","Winger","backup_baseline","","no_candidate_found","","","","","","","","","","","","","",""
"nql","North Queensland Cowboys","Zac Laybutt","Centre","backup_baseline","","no_candidate_found","","","","","","","","","","","","","",""
"nql","North Queensland Cowboys","Jaxon Purdue","Centre","backup_baseline","","no_candidate_found","","","","","","","","","","","","","",""
"nql","North Queensland Cowboys","Robert Derby","Winger","backup_baseline","","no_candidate_found","","","","","","","","","","","","","",""
"nql","North Queensland Cowboys","Jake Clifford","Five-Eighth","backup_baseline","","no_candidate_found","","","","","","","","","","","","","",""
"nql","North Queensland Cowboys","Tom Dearden","Halfback","backup_baseline","","no_candidate_found","","","","","","","","","","","","","",""
"nql","North Queensland Cowboys","Jason Taumalolo","Prop","backup_baseline","","no_candidate_found","","","","","","","","","","","","","",""
"nql","North Queensland Cowboys","Reed Mahoney","Hooker","backup_baseline","","no_candidate_found","","","","","","","","","","","","","",""
"nql","North Queensland Cowboys","Coen Hess","Prop","backup_baseline","","no_candidate_found","","","","","","","","","","","","","",""
"nql","North Queensland Cowboys","Heilum Luki","2nd Row","backup_baseline","","no_candidate_found","","","","","","","","","","","","","",""
"nql","North Queensland Cowboys","Jeremiah Nanai","2nd Row","backup_baseline","","no_candidate_found","","","","","","","","","","","","","",""
"nql","North Queensland Cowboys","Reuben Cotter","Lock","backup_baseline","","no_candidate_found","","","","","","","","","","","","","",""
"nql","North Queensland Cowboys","John Bateman","Interchange","backup_baseline","","no_candidate_found","","","","","","","","","","","","","",""
"nql","North Queensland Cowboys","Matt Lodge","Interchange","backup_baseline","","no_candidate_found","","","","","","","","","","","","","",""
"nql","North Queensland Cowboys","Sam McIntyre","Interchange","backup_baseline","","no_candidate_found","","","","","","","","","","","","","",""
"nql","North Queensland Cowboys","Griffin Neame","Interchange","backup_baseline","","no_candidate_found","","","","","","","","","","","","","",""
"nql","North Queensland Cowboys","Harrison Edwards","Unknown","derived_bucket_range","","no_candidate_found","","","","","","","","","","","","","",""
"nql","North Queensland Cowboys","James Walsh","Unknown","derived_bucket_range","","no_candidate_found","","","","","","","","","","","","","",""
"nql","North Queensland Cowboys","Jaxson Paulo","Unknown","derived_bucket_range","","no_candidate_found","","","","","","","","","","","","","",""
"nql","North Queensland Cowboys","Kai O'Donnell","Unknown","derived_bucket_range","","no_candidate_found","","","","","","","","","","","","","",""
"nql","North Queensland Cowboys","Kaiden Lahrs","Unknown","derived_bucket_range","","no_candidate_found","","","","","","","","","","","","","",""
"nql","North Queensland Cowboys","Mason Kira","Unknown","derived_bucket_range","","no_candidate_found","","","","","","","","","","","","","",""
"nql","North Queensland Cowboys","Soni Luke","Unknown","derived_bucket_range","","no_candidate_found","","","","","","","","","","","","","",""
"nql","North Queensland Cowboys","Thomas Mikaele","Unknown","derived_bucket_range","","no_candidate_found","","","","","","","","","","","","","",""
"nql","North Queensland Cowboys","Viliami Vailea","Unknown","derived_bucket_range","","no_candidate_found","","","","","","","","","","","","","",""
"nql","North Queensland Cowboys","Zac Herdegen","Unknown","derived_bucket_range","","no_candidate_found","","","","","","","","","","","","","",""
"par","Parramatta Eels","Isaiah Iongi","Fullback","backup_baseline","","no_candidate_found","","","","","","","","","","","","","",""
"par","Parramatta Eels","Bailey Simonsson","Winger","backup_baseline","","no_candidate_found","","","","","","","","","","","","","",""
"par","Parramatta Eels","Will Penisini","Centre","backup_baseline","","no_candidate_found","","","","","","","","","","","","","",""
"par","Parramatta Eels","Sean Russell","Centre","backup_baseline","","no_candidate_found","","","","","","","","","","","","","",""
"par","Parramatta Eels","Josh Addo-Carr","Winger","backup_baseline","","no_candidate_found","","","","","","","","","","","","","",""
"par","Parramatta Eels","Jonah Pezet","Five-Eighth","backup_baseline","","no_candidate_found","","","","","","","","","","","","","",""
"par","Parramatta Eels","Mitchell Moses","Halfback","backup_baseline","","no_candidate_found","","","","","","","","","","","","","",""
"par","Parramatta Eels","J'maine Hopgood","Prop","backup_baseline","","no_candidate_found","","","","","","","","","","","","","",""
"par","Parramatta Eels","Ryley Smith","Hooker","backup_baseline","","no_candidate_found","","","","","","","","","","","","","",""
"par","Parramatta Eels","Junior Paulo","Prop","backup_baseline","","no_candidate_found","","","","","","","","","","","","","",""
"par","Parramatta Eels","Kelma Tuilagi","2nd Row","backup_baseline","","no_candidate_found","","","","","","","","","","","","","",""
"par","Parramatta Eels","Kitione Kautoga","2nd Row","backup_baseline","","no_candidate_found","","","","","","","","","","","","","",""
"par","Parramatta Eels","Jack Williams","Lock","backup_baseline","","no_candidate_found","","","","","","","","","","","","","",""
"par","Parramatta Eels","Dylan Walker","Interchange","backup_baseline","","no_candidate_found","","","","","","","","","","","","","",""
"par","Parramatta Eels","Tallyn Da Silva","Interchange","backup_baseline","1","player_specific_contract_candidate","zerotackle.com","true","false","43","contract_or_salary_language","bing-html","simple_alias_signed","","","","","Tallyn Da Silva (Parramatta Eels) - NRL Stats, News, ...","https://www.zerotackle.com/players/tallyn-da-silva/","20 Apr 2005 Tallyn Da Silva is a Parramatta Eels NRL player. View career stats, contract details, latest news, injury updates and rumours."
"par","Parramatta Eels","Tallyn Da Silva","Interchange","backup_baseline","2","player_specific_contract_candidate","facebook.com","false","false","42","contract_or_salary_language|signing_language|term_language","bing-html","simple_alias_signed","","","","","Parramatta - Done Deal Our newest Eel, Tallyn Da Silva, has signed ...","https://www.facebook.com/photo/?fbid=1148344837322632","29 June 2025 Done Deal 🤝 Our newest Eel, Tallyn Da Silva, has signed until the end of the 2029 season and will join the club, effective immediately. Full details..."
"par","Parramatta Eels","Tallyn Da Silva","Interchange","backup_baseline","3","player_specific_contract_candidate","zerotackle.com","true","false","41","contract_or_salary_language|signing_language","bing-html","simple_alias_signed","","","","","Eels confirm hooking plans as dummy half earns new deal","https://www.zerotackle.com/eels-confirm-hooking-plans-as-dummy-half-earns-new-deal-223793/","1 July 2025 It comes after the club signed Tallyn da Silva from the Tigers. The Parramatta Eels have confirmed their long-term hooking plans, with Ryley Smith ..."
"par","Parramatta Eels","Tallyn Da Silva","Interchange","backup_baseline","4","player_specific_contract_candidate","parraeels.com.au","true","false","40","signing_language","bing-html","simple_alias_signed","","","","","Parramatta Eels sign Tallyn Da Silva | Eels - parraeels.com.au","https://www.parraeels.com.au/news/2025/06/30/parramatta-eels-sign-tallyn-da-silva/","30 June 2025 Da Silva will commence training with the Eels this week. The Parramatta Eels are excited to announce Tallyn Da Silva will join the club effective immediately until the end of the 2029 ..."
"par","Parramatta Eels","Tallyn Da Silva","Interchange","backup_baseline","5","player_specific_contract_candidate","instagram.com","false","false","37","contract_or_salary_language|term_length_language","bing-html","simple_alias_signed","","","","","RL_SHOW | Tallyn Da Silva has joined the Parramatta Eels effective ...","https://www.instagram.com/p/DLeVqxJy96P/","133 likes, 1 comments - rl_show on June 28, 2025: ""Tallyn Da Silva has joined the Parramatta Eels effective immediately, signing a four-year deal. #NRL""."
"par","Parramatta Eels","Tallyn Da Silva","Interchange","backup_baseline","6","player_specific_profile_candidate","parraeels.com.au","true","false","35","","bing-html","simple_alias_signed","","","","","Official NRL profile of Tallyn Da Silva for Parramatta ...","https://www.parraeels.com.au/teams/nrl-premiership/parramatta-eels/tallyn-da-silva/","He joined the Parramatta Eels in 2025, making 9 appearances and scoring a try in his first season with the Blue & Gold. Parramatta Eels respect and honour the ..."
"par","Parramatta Eels","Jack de Belin","Interchange","backup_baseline","","no_candidate_found","","","","","","","","","","","","","",""
"par","Parramatta Eels","Matt Doorey","Interchange","backup_baseline","","no_candidate_found","","","","","","","","","","","","","",""
"par","Parramatta Eels","Brian Kelly","Unknown","derived_bucket_range","","no_candidate_found","","","","","","","","","","","","","",""
"par","Parramatta Eels","Charlie Guymer","Unknown","derived_bucket_range","","no_candidate_found","","","","","","","","","","","","","",""
"par","Parramatta Eels","Jake Tago","Unknown","derived_bucket_range","","no_candidate_found","","","","","","","","","","","","","",""
"par","Parramatta Eels","Joash Papalii","Unknown","derived_bucket_range","","no_candidate_found","","","","","","","","","","","","","",""
"par","Parramatta Eels","Jordan Samrani","Unknown","derived_bucket_range","","no_candidate_found","","","","","","","","","","","","","",""
"par","Parramatta Eels","Luca Moretti","Unknown","derived_bucket_range","","no_candidate_found","","","","","","","","","","","","","",""
"par","Parramatta Eels","Richard Penisini","Unknown","derived_bucket_range","","no_candidate_found","","","","","","","","","","","","","",""
"par","Parramatta Eels","Ronald Volkman","Unknown","derived_bucket_range","","no_candidate_found","","","","","","","","","","","","","",""
"par","Parramatta Eels","Ryan Matterson","Unknown","derived_bucket_range","","no_candidate_found","","","","","","","","","","","","","",""
"par","Parramatta Eels","Sam Tuivaiti","Unknown","derived_bucket_range","","no_candidate_found","","","","","","","","","","","","","",""
"par","Parramatta Eels","Toni Mataele","Unknown","derived_bucket_range","","no_candidate_found","","","","","","","","","","","","","",""
"pen","Penrith Panthers","Dylan Edwards","Fullback","backup_baseline","","no_candidate_found","","","","","","","","","","","","","",""
"pen","Penrith Panthers","Thomas Jenkins","Winger","backup_baseline","","no_candidate_found","","","","","","","","","","","","","",""
"pen","Penrith Panthers","Paul Alamoti","Centre","backup_baseline","","no_candidate_found","","","","","","","","","","","","","",""
"pen","Penrith Panthers","Casey McLean","Centre","backup_baseline","","no_candidate_found","","","","","","","","","","","","","",""
"pen","Penrith Panthers","Brian To'o","Winger","backup_baseline","","no_candidate_found","","","","","","","","","","","","","",""
"pen","Penrith Panthers","Blaize Talagi","Five-Eighth","backup_baseline","","no_candidate_found","","","","","","","","","","","","","",""
"pen","Penrith Panthers","Nathan Cleary","Halfback","backup_baseline","","no_candidate_found","","","","","","","","","","","","","",""
"pen","Penrith Panthers","Moses Leota","Prop","backup_baseline","","no_candidate_found","","","","","","","","","","","","","",""
"pen","Penrith Panthers","Mitch Kenny","Hooker","backup_baseline","","no_candidate_found","","","","","","","","","","","","","",""
"pen","Penrith Panthers","Linday Smith","Prop","backup_baseline","","no_candidate_found","","","","","","","","","","","","","",""
"pen","Penrith Panthers","Isaiah Papali'i","2nd Row","backup_baseline","","no_candidate_found","","","","","","","","","","","","","",""
"pen","Penrith Panthers","Liam Martin","2nd Row","backup_baseline","","no_candidate_found","","","","","","","","","","","","","",""
"pen","Penrith Panthers","Isaah Yeo","Lock","backup_baseline","","no_candidate_found","","","","","","","","","","","","","",""
"pen","Penrith Panthers","Scott Sorensen","Interchange","backup_baseline","","no_candidate_found","","","","","","","","","","","","","",""
"pen","Penrith Panthers","Luke Garner","Interchange","backup_baseline","","no_candidate_found","","","","","","","","","","","","","",""
"pen","Penrith Panthers","Liam Henry","Interchange","backup_baseline","","no_candidate_found","","","","","","","","","","","","","",""
"pen","Penrith Panthers","Izack Tago","Interchange","backup_baseline","","no_candidate_found","","","","","","","","","","","","","",""
"pen","Penrith Panthers","Billy Scott","Unknown","derived_bucket_range","","no_candidate_found","","","","","","","","","","","","","",""
"pen","Penrith Panthers","Freddy Lussick","Unknown","derived_bucket_range","","no_candidate_found","","","","","","","","","","","","","",""
"pen","Penrith Panthers","Jack Cogger","Unknown","derived_bucket_range","","no_candidate_found","","","","","","","","","","","","","",""
"pen","Penrith Panthers","Jaxen Edgar","Unknown","derived_bucket_range","","no_candidate_found","","","","","","","","","","","","","",""
"pen","Penrith Panthers","Jesse McLean","Unknown","derived_bucket_range","","no_candidate_found","","","","","","","","","","","","","",""
"pen","Penrith Panthers","John Fonua","Unknown","derived_bucket_range","","no_candidate_found","","","","","","","","","","","","","",""
"pen","Penrith Panthers","Kalani Going","Unknown","derived_bucket_range","","no_candidate_found","","","","","","","","","","","","","",""
"pen","Penrith Panthers","Luron Patea","Unknown","derived_bucket_range","","no_candidate_found","","","","","","","","","","","","","",""
"pen","Penrith Panthers","Tom Ale","Unknown","derived_bucket_range","","no_candidate_found","","","","","","","","","","","","","",""
"sou","South Sydney Rabbitohs","Jye Gray","Fullback","backup_baseline","","no_candidate_found","","","","","","","","","","","","","",""
"sou","South Sydney Rabbitohs","Alex Johnston","Winger","backup_baseline","","no_candidate_found","","","","","","","","","","","","","",""
"sou","South Sydney Rabbitohs","Latrell Mitchell","Centre","backup_baseline","1","player_specific_salary_candidate","au.news.yahoo.com","true","false","58","money|contract_or_salary_language","bing-html","club_news_exact","","","","","Latrell Mitchell cops $1.4 million blow as 'sad' truth emerges about ...","https://au.news.yahoo.com/latrell-mitchell-cops-14-million-blow-as-sad-truth-emerges-about-south-sydney-superstar-023516381.html","23 June 2026 Latrell Mitchell's latest injury setback has raised concerns around his next NRL contract with suggestions he won't be able to attract the $1.4 million a season originally floated."
"sou","South Sydney Rabbitohs","Latrell Mitchell","Centre","backup_baseline","2","player_specific_contract_candidate","rabbitohs.com.au","true","false","48","signing_language|term_language","bing-html","club_news_exact","","","","","Latrell Mitchell - South Sydney Rabbitohs – Teams","https://www.rabbitohs.com.au/teams/teams-details?id=1587&league=111","A proud Biripi and Wiradjuri man, Mitchell is influential both on and off the field, bringing leadership, experience and a deep commitment to the Club. Signed with the Rabbitohs until the end of 2027, ..."
"sou","South Sydney Rabbitohs","Latrell Mitchell","Centre","backup_baseline","3","player_specific_profile_candidate","nrl.com","true","true","39","","bing-html","club_news_exact","","","","","Official NRL profile of Latrell Mitchell for South Sydney Rabbitohs ...","https://www.nrl.com/players/nrl-premiership/south-sydney-rabbitohs/latrell-mitchell/","16 June 1997 The NRL profile of Latrell Mitchell including career statistics, season stats, games, tries, goals, tackles and fantasy scores."
"sou","South Sydney Rabbitohs","Latrell Mitchell","Centre","backup_baseline","4","player_specific_profile_candidate","news.com.au","true","true","39","","bing-html","club_news_exact","","","","","NRL 2026: Latrell Mitchell leaves South Sydney training early | news ...","https://www.news.com.au/sport/nrl/origin-watch-latrell-mitchell-leaves-rabbitohs-training-early-in-potentially-major-blues-blow/news-story/6963ee50397dc714bdb621eeaee1eb74","22 June 2026 South Sydney superstar Latrell Mitchell left training early on Monday morning and is set to miss his side's clash against the Eels on Thursday, with teammate Jye Gray describing the injury ..."
"sou","South Sydney Rabbitohs","Latrell Mitchell","Centre","backup_baseline","5","player_specific_profile_candidate","rabbitohs.com.au","true","false","35","","bing-html","club_news_exact","","","","","Injury Update: Latrell Mitchell – South Sydney Rabbitohs","https://www.rabbitohs.com.au/news/injury-update-latrell-mitchell-rd12","Rabbitohs centre Latrell Mitchell has ruled himself out of the first State of Origin match for 2026."
"sou","South Sydney Rabbitohs","Latrell Mitchell","Centre","backup_baseline","6","player_specific_profile_candidate","abc.net.au","true","false","35","","bing-html","club_news_exact","","","","","Latrell Mitchell breaks his silence but not to talk about sport","https://www.abc.net.au/news/2026-03-13/latrell-mitchell-breaks-silence-for-winmarra-foundation/106449372","12 Mar 2026 NRL superstar Latrell Mitchell opens up about the Winmarra foundation, which he co-founded to empower emerging Indigenous leaders."
"sou","South Sydney Rabbitohs","Jack Wighton","Centre","backup_baseline","","no_candidate_found","","","","","","","","","","","","","",""
"sou","South Sydney Rabbitohs","Campbell Graham","Winger","backup_baseline","","no_candidate_found","","","","","","","","","","","","","",""
"sou","South Sydney Rabbitohs","Cody Walker","Five-Eighth","backup_baseline","","no_candidate_found","","","","","","","","","","","","","",""
"sou","South Sydney Rabbitohs","Jamie Humphreys","Halfback","backup_baseline","","no_candidate_found","","","","","","","","","","","","","",""
"sou","South Sydney Rabbitohs","Tevita Tatola","Prop","backup_baseline","","no_candidate_found","","","","","","","","","","","","","",""
"sou","South Sydney Rabbitohs","Brandon Smith","Hooker","backup_baseline","","no_candidate_found","","","","","","","","","","","","","",""
"sou","South Sydney Rabbitohs","Keaon Koloamatangi","Prop","backup_baseline","","no_candidate_found","","","","","","","","","","","","","",""
"sou","South Sydney Rabbitohs","Jai Arrow","2nd Row","backup_baseline","","no_candidate_found","","","","","","","","","","","","","",""
"sou","South Sydney Rabbitohs","David Fifita","2nd Row","backup_baseline","","no_candidate_found","","","","","","","","","","","","","",""
"sou","South Sydney Rabbitohs","Cameron Murray","Lock","backup_baseline","","no_candidate_found","","","","","","","","","","","","","",""
"sou","South Sydney Rabbitohs","Tallis Duncan","Interchange","backup_baseline","","no_candidate_found","","","","","","","","","","","","","",""
"sou","South Sydney Rabbitohs","Euan Aitken","Interchange","backup_baseline","","no_candidate_found","","","","","","","","","","","","","",""
"sou","South Sydney Rabbitohs","Peter Mamouzelos","Interchange","backup_baseline","","no_candidate_found","","","","","","","","","","","","","",""
"sou","South Sydney Rabbitohs","Sean Keppie","Interchange","backup_baseline","","no_candidate_found","","","","","","","","","","","","","",""
"sou","South Sydney Rabbitohs","Ashton Ward","Unknown","derived_bucket_range","","no_candidate_found","","","","","","","","","","","","","",""
"sou","South Sydney Rabbitohs","Adam Elliott","Unknown","derived_bucket_range","","no_candidate_found","","","","","","","","","","","","","",""
"sou","South Sydney Rabbitohs","Bronson Carlick","Unknown","derived_bucket_range","","no_candidate_found","","","","","","","","","","","","","",""
"sou","South Sydney Rabbitohs","Ed Kosi","Unknown","derived_bucket_range","","no_candidate_found","","","","","","","","","","","","","",""
"sou","South Sydney Rabbitohs","Isaiah Tass","Unknown","derived_bucket_range","","no_candidate_found","","","","","","","","","","","","","",""
"sou","South Sydney Rabbitohs","Jayden Sullivan","Unknown","derived_bucket_range","","no_candidate_found","","","","","","","","","","","","","",""
"sou","South Sydney Rabbitohs","Jonah Glover","Unknown","derived_bucket_range","","no_candidate_found","","","","","","","","","","","","","",""
"sou","South Sydney Rabbitohs","Lachie Hubner","Unknown","derived_bucket_range","","no_candidate_found","","","","","","","","","","","","","",""
"sou","South Sydney Rabbitohs","Liam Le Blanc","Unknown","derived_bucket_range","","no_candidate_found","","","","","","","","","","","","","",""
"sou","South Sydney Rabbitohs","Max McCarthy","Unknown","derived_bucket_range","","no_candidate_found","","","","","","","","","","","","","",""
"sou","South Sydney Rabbitohs","Thomas Fletcher","Unknown","derived_bucket_range","","no_candidate_found","","","","","","","","","","","","","",""
"sou","South Sydney Rabbitohs","Tyrone Munro","Unknown","derived_bucket_range","","no_candidate_found","","","","","","","","","","","","","",""
"sti","St George Illawarra Dragons","Clint Gutherson","Fullback","backup_baseline","","no_candidate_found","","","","","","","","","","","","","",""
"sti","St George Illawarra Dragons","Christian Tuipulotu","Winger","backup_baseline","","no_candidate_found","","","","","","","","","","","","","",""
"sti","St George Illawarra Dragons","Moses Suli","Centre","backup_baseline","","no_candidate_found","","","","","","","","","","","","","",""
"sti","St George Illawarra Dragons","Valentine Holmes","Centre","backup_baseline","","no_candidate_found","","","","","","","","","","","","","",""
"sti","St George Illawarra Dragons","Setu Tu","Winger","backup_baseline","","no_candidate_found","","","","","","","","","","","","","",""
"sti","St George Illawarra Dragons","Kyle Flanagan","Five-Eighth","backup_baseline","","no_candidate_found","","","","","","","","","","","","","",""
"sti","St George Illawarra Dragons","Daniel Atkinson","Halfback","backup_baseline","","no_candidate_found","","","","","","","","","","","","","",""
"sti","St George Illawarra Dragons","Emre Guler","Prop","backup_baseline","","no_candidate_found","","","","","","","","","","","","","",""
"sti","St George Illawarra Dragons","Damien Cook","Hooker","backup_baseline","","no_candidate_found","","","","","","","","","","","","","",""
"sti","St George Illawarra Dragons","Toby Couchman","Prop","backup_baseline","","no_candidate_found","","","","","","","","","","","","","",""
"sti","St George Illawarra Dragons","Luciano Leilua","2nd Row","backup_baseline","","no_candidate_found","","","","","","","","","","","","","",""
"sti","St George Illawarra Dragons","Jaydn Su'A","2nd Row","backup_baseline","","no_candidate_found","","","","","","","","","","","","","",""
"sti","St George Illawarra Dragons","Hamish Stewart","Lock","backup_baseline","","no_candidate_found","","","","","","","","","","","","","",""
"sti","St George Illawarra Dragons","Jacob Liddle","Interchange","backup_baseline","","no_candidate_found","","","","","","","","","","","","","",""
"sti","St George Illawarra Dragons","Josh Kerr","Interchange","backup_baseline","","no_candidate_found","","","","","","","","","","","","","",""
"sti","St George Illawarra Dragons","Dylan Egan","Interchange","backup_baseline","","no_candidate_found","","","","","","","","","","","","","",""
"sti","St George Illawarra Dragons","Ryan Couchman","Interchange","backup_baseline","","no_candidate_found","","","","","","","","","","","","","",""
"sti","St George Illawarra Dragons","Hame Sele","Unknown","derived_bucket_range","","no_candidate_found","","","","","","","","","","","","","",""
"sti","St George Illawarra Dragons","Mat Feagai","Unknown","derived_bucket_range","","no_candidate_found","","","","","","","","","","","","","",""
"sti","St George Illawarra Dragons","Lyhkan King-Togia","Unknown","derived_bucket_range","","no_candidate_found","","","","","","","","","","","","","",""
"sti","St George Illawarra Dragons","Loko Pasifiki-Tonga","Unknown","derived_bucket_range","","no_candidate_found","","","","","","","","","","","","","",""
"sti","St George Illawarra Dragons","Tyrell Sloan","Unknown","derived_bucket_range","","no_candidate_found","","","","","","","","","","","","","",""
"sti","St George Illawarra Dragons","David Fale","Unknown","derived_bucket_range","","no_candidate_found","","","","","","","","","","","","","",""
"sti","St George Illawarra Dragons","Blake Lawrie","Unknown","derived_bucket_range","","no_candidate_found","","","","","","","","","","","","","",""
"sti","St George Illawarra Dragons","Hayden Buchanan","Unknown","derived_bucket_range","","no_candidate_found","","","","","","","","","","","","","",""
"sti","St George Illawarra Dragons","Jacob Halangahu","Unknown","derived_bucket_range","","no_candidate_found","","","","","","","","","","","","","",""
"sti","St George Illawarra Dragons","Leeroy Weatherall","Unknown","derived_bucket_range","","no_candidate_found","","","","","","","","","","","","","",""
"sti","St George Illawarra Dragons","Nathan Lawson","Unknown","derived_bucket_range","","no_candidate_found","","","","","","","","","","","","","",""
"sti","St George Illawarra Dragons","Nick Tsougranis","Unknown","derived_bucket_range","","no_candidate_found","","","","","","","","","","","","","",""
"syd","Sydney Roosters","James Tedesco","Fullback","backup_baseline","","no_candidate_found","","","","","","","","","","","","","",""
"syd","Sydney Roosters","Daniel Tupou","Winger","backup_baseline","","no_candidate_found","","","","","","","","","","","","","",""
"syd","Sydney Roosters","Billy Smith","Centre","backup_baseline","","no_candidate_found","","","","","","","","","","","","","",""
"syd","Sydney Roosters","Robert Toia","Centre","backup_baseline","","no_candidate_found","","","","","","","","","","","","","",""
"syd","Sydney Roosters","Mark Nawaqanitawase","Winger","backup_baseline","","no_candidate_found","","","","","","","","","","","","","",""
"syd","Sydney Roosters","Daly Cherry-Evans","Five-Eighth","backup_baseline","","no_candidate_found","","","","","","","","","","","","","",""
"syd","Sydney Roosters","Sam Walker","Halfback","backup_baseline","","no_candidate_found","","","","","","","","","","","","","",""
"syd","Sydney Roosters","Naufahu Whyte","Prop","backup_baseline","","no_candidate_found","","","","","","","","","","","","","",""
"syd","Sydney Roosters","Reece Robson","Hooker","backup_baseline","","no_candidate_found","","","","","","","","","","","","","",""
"syd","Sydney Roosters","Lindsay Collins","Prop","backup_baseline","","no_candidate_found","","","","","","","","","","","","","",""
"syd","Sydney Roosters","Angus Crichton","2nd Row","backup_baseline","","no_candidate_found","","","","","","","","","","","","","",""
"syd","Sydney Roosters","Siua Wong","2nd Row","backup_baseline","","no_candidate_found","","","","","","","","","","","","","",""
"syd","Sydney Roosters","Victor Radley","Lock","backup_baseline","","no_candidate_found","","","","","","","","","","","","","",""
"syd","Sydney Roosters","Connor Watson","Interchange","backup_baseline","","no_candidate_found","","","","","","","","","","","","","",""
"syd","Sydney Roosters","Egan Butcher","Interchange","backup_baseline","","no_candidate_found","","","","","","","","","","","","","",""
"syd","Sydney Roosters","Spencer Leniu","Interchange","backup_baseline","","no_candidate_found","","","","","","","","","","","","","",""
"syd","Sydney Roosters","Nat Butcher","Interchange","backup_baseline","","no_candidate_found","","","","","","","","","","","","","",""
"syd","Sydney Roosters","Benaiah Ioelu","Unknown","derived_bucket_range","","no_candidate_found","","","","","","","","","","","","","",""
"syd","Sydney Roosters","Blake Steep","Unknown","derived_bucket_range","","no_candidate_found","","","","","","","","","","","","","",""
"syd","Sydney Roosters","Cody Ramsey","Unknown","derived_bucket_range","","no_candidate_found","","","","","","","","","","","","","",""
"syd","Sydney Roosters","De La Salle Va’a","Unknown","derived_bucket_range","","no_candidate_found","","","","","","","","","","","","","",""
"syd","Sydney Roosters","Junior Pauga","Unknown","derived_bucket_range","","no_candidate_found","","","","","","","","","","","","","",""
"syd","Sydney Roosters","Hugo Savala","Unknown","derived_bucket_range","","no_candidate_found","","","","","","","","","","","","","",""
"syd","Sydney Roosters","Jake Elliott","Unknown","derived_bucket_range","","no_candidate_found","","","","","","","","","","","","","",""
"syd","Sydney Roosters","Salesi Foketi","Unknown","derived_bucket_range","","no_candidate_found","","","","","","","","","","","","","",""
"syd","Sydney Roosters","Taylor Losalu","Unknown","derived_bucket_range","","no_candidate_found","","","","","","","","","","","","","",""
"syd","Sydney Roosters","Toby Rodwell","Unknown","derived_bucket_range","","no_candidate_found","","","","","","","","","","","","","",""
"syd","Sydney Roosters","Tommy Talau","Unknown","derived_bucket_range","","no_candidate_found","","","","","","","","","","","","","",""
"wst","Wests Tigers","Adam Doueihi","Centre","backup_baseline","","no_candidate_found","","","","","","","","","","","","","",""
"wst","Wests Tigers","Alex Twal","Prop","backup_baseline","","no_candidate_found","","","","","","","","","","","","","",""
"wst","Wests Tigers","Alex Seyfarth","2nd Row","backup_baseline","","no_candidate_found","","","","","","","","","","","","","",""
"wst","Wests Tigers","Apisai Koroisau","Hooker","cross_referenced_baseline","","no_candidate_found","","","","","","","","","","","","","",""
"wst","Wests Tigers","Bunty Afoa","Prop","derived_cap_residual_range","","no_candidate_found","","","","","","","","","","","","","",""
"wst","Wests Tigers","Fonua Pole","Prop","backup_baseline","","no_candidate_found","","","","","","","","","","","","","",""
"wst","Wests Tigers","Heamasi Makasini","Centre","cross_referenced_baseline","","no_candidate_found","","","","","","","","","","","","","",""
"wst","Wests Tigers","Heath Mason","Fullback","derived_cap_residual_range","","no_candidate_found","","","","","","","","","","","","","",""
"wst","Wests Tigers","Jahream Bula","Fullback","cross_referenced_baseline","","no_candidate_found","","","","","","","","","","","","","",""
"wst","Wests Tigers","Jarome Luai","Halfback","cross_referenced_baseline","","no_candidate_found","","","","","","","","","","","","","",""
"wst","Wests Tigers","Javon Andrews","Five-Eighth","derived_cap_residual_range","","no_candidate_found","","","","","","","","","","","","","",""
"wst","Wests Tigers","Jeral Skelton","Winger","derived_cap_residual_range","","no_candidate_found","","","","","","","","","","","","","",""
"wst","Wests Tigers","Jock Madden","Halfback","backup_baseline","","no_candidate_found","","","","","","","","","","","","","",""
"wst","Wests Tigers","Kai Pearce-Paul","2nd Row","cross_referenced_baseline","","no_candidate_found","","","","","","","","","","","","","",""
"wst","Wests Tigers","Kit Laulilii","Lock","derived_cap_residual_range","","no_candidate_found","","","","","","","","","","","","","",""
"wst","Wests Tigers","Latu Fainu","Five-Eighth","derived_cap_residual_range","","no_candidate_found","","","","","","","","","","","","","",""
"wst","Wests Tigers","Mavrik Geyer","2nd Row","derived_cap_residual_range","","no_candidate_found","","","","","","","","","","","","","",""
"wst","Wests Tigers","Patrick Herbert","Centre","derived_cap_residual_range","","no_candidate_found","","","","","","","","","","","","","",""
"wst","Wests Tigers","Royce Hunt","Prop","backup_baseline","","no_candidate_found","","","","","","","","","","","","","",""
"wst","Wests Tigers","Samuela Fainu","2nd Row","cross_referenced_baseline","","no_candidate_found","","","","","","","","","","","","","",""
"wst","Wests Tigers","Sione Fainu","Prop","cross_referenced_baseline","","no_candidate_found","","","","","","","","","","","","","",""
"wst","Wests Tigers","Solomone Saukuru","Centre","derived_cap_residual_range","","no_candidate_found","","","","","","","","","","","","","",""
"wst","Wests Tigers","Starford To'a","Centre","backup_baseline","","no_candidate_found","","","","","","","","","","","","","",""
"wst","Wests Tigers","Sunia Turuva","Winger","backup_baseline","","no_candidate_found","","","","","","","","","","","","","",""
"wst","Wests Tigers","Taylan May","Centre","backup_baseline","","no_candidate_found","","","","","","","","","","","","","",""
"wst","Wests Tigers","Terrell May","Prop","cross_referenced_baseline","","no_candidate_found","","","","","","","","","","","","","",""
"wst","Wests Tigers","Tony Sukkar","2nd Row","derived_cap_residual_range","","no_candidate_found","","","","","","","","","","","","","",""
"wst","Wests Tigers","Tristan Hope","Hooker","derived_cap_residual_range","","no_candidate_found","","","","","","","","","","","","","",""
"wst","Wests Tigers","Faaletino Tavana","Fullback","derived_cap_residual_range","","no_candidate_found","","","","","","","","","","","","","",""
"wst","Wests Tigers","William Craig","Winger","derived_cap_residual_range","","no_candidate_found","","","","","","","","","","","","","",""
